station_id,station_name,timestamp_utc,lat,lon,grid_x,grid_y,elevation_m,temperature_c,relative_humidity_pct,wind_speed_ms,rainfall_mm
AWS_LKO_01,Amausi Airport,2025-07-15T00:00:00,26.76,80.88,2,3,119.94601440429688,24.23,81.6,3.2,0.0
AWS_LKO_01,Amausi Airport,2025-07-15T01:00:00,26.76,80.88,2,3,119.94601440429688,25.6,86.9,3.3,0.0
AWS_LKO_01,Amausi Airport,2025-07-15T02:00:00,26.76,80.88,2,3,119.94601440429688,25.04,85.0,3.0,0.0
AWS_LKO_01,Amausi Airport,2025-07-15T03:00:00,26.76,80.88,2,3,119.94601440429688,26.8,81.5,1.9,0.0
AWS_LKO_01,Amausi Airport,2025-07-15T04:00:00,26.76,80.88,2,3,119.94601440429688,27.36,81.5,2.6,0.0
AWS_LKO_01,Amausi Airport,2025-07-15T05:00:00,26.76,80.88,2,3,119.94601440429688,28.46,77.8,2.0,9.48
AWS_LKO_01,Amausi Airport,2025-07-15T06:00:00,26.76,80.88,2,3,119.94601440429688,30.24,74.3,1.1,0.0
AWS_LKO_01,Amausi Airport,2025-07-15T07:00:00,26.76,80.88,2,3,119.94601440429688,31.21,73.5,2.3,0.0
AWS_LKO_01,Amausi Airport,2025-07-15T08:00:00,26.76,80.88,2,3,119.94601440429688,32.91,70.1,2.6,0.0
AWS_LKO_01,Amausi Airport,2025-07-15T09:00:00,26.76,80.88,2,3,119.94601440429688,33.72,70.2,1.7,0.0
AWS_LKO_01,Amausi Airport,2025-07-15T10:00:00,26.76,80.88,2,3,119.94601440429688,34.43,71.0,2.6,0.0
AWS_LKO_01,Amausi Airport,2025-07-15T11:00:00,26.76,80.88,2,3,119.94601440429688,35.65,65.3,2.5,0.0
AWS_LKO_01,Amausi Airport,2025-07-15T12:00:00,26.76,80.88,2,3,119.94601440429688,36.11,70.1,3.1,0.0
AWS_LKO_01,Amausi Airport,2025-07-15T13:00:00,26.76,80.88,2,3,119.94601440429688,35.57,65.2,3.6,0.0
AWS_LKO_01,Amausi Airport,2025-07-15T14:00:00,26.76,80.88,2,3,119.94601440429688,34.46,67.3,3.6,0.0
AWS_LKO_01,Amausi Airport,2025-07-15T15:00:00,26.76,80.88,2,3,119.94601440429688,34.89,69.9,5.1,2.87
AWS_LKO_01,Amausi Airport,2025-07-15T16:00:00,26.76,80.88,2,3,119.94601440429688,32.88,73.1,3.9,0.0
AWS_LKO_01,Amausi Airport,2025-07-15T17:00:00,26.76,80.88,2,3,119.94601440429688,31.3,75.2,4.0,0.0
AWS_LKO_01,Amausi Airport,2025-07-15T18:00:00,26.76,80.88,2,3,119.94601440429688,30.33,75.6,4.3,0.0
AWS_LKO_01,Amausi Airport,2025-07-15T19:00:00,26.76,80.88,2,3,119.94601440429688,28.15,78.5,4.0,0.0
AWS_LKO_01,Amausi Airport,2025-07-15T20:00:00,26.76,80.88,2,3,119.94601440429688,27.38,85.7,4.4,0.0
AWS_LKO_01,Amausi Airport,2025-07-15T21:00:00,26.76,80.88,2,3,119.94601440429688,26.01,85.0,3.8,0.0
AWS_LKO_01,Amausi Airport,2025-07-15T22:00:00,26.76,80.88,2,3,119.94601440429688,25.48,82.4,4.3,0.0
AWS_LKO_01,Amausi Airport,2025-07-15T23:00:00,26.76,80.88,2,3,119.94601440429688,24.62,87.3,3.8,0.0
AWS_LKO_01,Amausi Airport,2025-07-16T00:00:00,26.76,80.88,2,3,119.94601440429688,24.73,87.2,3.4,0.0
AWS_LKO_01,Amausi Airport,2025-07-16T01:00:00,26.76,80.88,2,3,119.94601440429688,24.55,86.8,2.7,0.0
AWS_LKO_01,Amausi Airport,2025-07-16T02:00:00,26.76,80.88,2,3,119.94601440429688,25.3,84.0,2.1,0.0
AWS_LKO_01,Amausi Airport,2025-07-16T03:00:00,26.76,80.88,2,3,119.94601440429688,26.48,81.9,2.5,0.0
AWS_LKO_01,Amausi Airport,2025-07-16T04:00:00,26.76,80.88,2,3,119.94601440429688,27.46,83.1,2.1,0.0
AWS_LKO_01,Amausi Airport,2025-07-16T05:00:00,26.76,80.88,2,3,119.94601440429688,28.96,80.3,2.8,0.0
AWS_LKO_01,Amausi Airport,2025-07-16T06:00:00,26.76,80.88,2,3,119.94601440429688,30.13,77.5,2.6,0.0
AWS_LKO_01,Amausi Airport,2025-07-16T07:00:00,26.76,80.88,2,3,119.94601440429688,32.66,72.2,2.3,0.0
AWS_LKO_01,Amausi Airport,2025-07-16T08:00:00,26.76,80.88,2,3,119.94601440429688,33.02,73.0,1.7,0.0
AWS_LKO_01,Amausi Airport,2025-07-16T09:00:00,26.76,80.88,2,3,119.94601440429688,34.55,68.8,3.0,0.0
AWS_LKO_01,Amausi Airport,2025-07-16T10:00:00,26.76,80.88,2,3,119.94601440429688,35.48,67.4,2.1,0.0
AWS_LKO_01,Amausi Airport,2025-07-16T11:00:00,26.76,80.88,2,3,119.94601440429688,35.31,65.6,2.7,0.0
AWS_LKO_01,Amausi Airport,2025-07-16T12:00:00,26.76,80.88,2,3,119.94601440429688,36.35,65.6,3.8,0.0
AWS_LKO_01,Amausi Airport,2025-07-16T13:00:00,26.76,80.88,2,3,119.94601440429688,36.12,66.3,4.1,0.0
AWS_LKO_01,Amausi Airport,2025-07-16T14:00:00,26.76,80.88,2,3,119.94601440429688,34.6,67.9,3.2,0.0
AWS_LKO_01,Amausi Airport,2025-07-16T15:00:00,26.76,80.88,2,3,119.94601440429688,34.56,68.4,4.3,0.0
AWS_LKO_01,Amausi Airport,2025-07-16T16:00:00,26.76,80.88,2,3,119.94601440429688,33.3,69.0,4.3,0.0
AWS_LKO_01,Amausi Airport,2025-07-16T17:00:00,26.76,80.88,2,3,119.94601440429688,32.4,75.0,3.7,0.0
AWS_LKO_01,Amausi Airport,2025-07-16T18:00:00,26.76,80.88,2,3,119.94601440429688,30.34,76.7,4.7,0.0
AWS_LKO_01,Amausi Airport,2025-07-16T19:00:00,26.76,80.88,2,3,119.94601440429688,29.22,79.0,4.7,0.0
AWS_LKO_01,Amausi Airport,2025-07-16T20:00:00,26.76,80.88,2,3,119.94601440429688,27.4,79.5,4.8,0.0
AWS_LKO_01,Amausi Airport,2025-07-16T21:00:00,26.76,80.88,2,3,119.94601440429688,26.26,83.4,4.0,2.2
AWS_LKO_01,Amausi Airport,2025-07-16T22:00:00,26.76,80.88,2,3,119.94601440429688,25.35,85.2,3.6,0.0
AWS_LKO_01,Amausi Airport,2025-07-16T23:00:00,26.76,80.88,2,3,119.94601440429688,25.19,86.7,3.8,13.17
AWS_LKO_01,Amausi Airport,2025-07-17T00:00:00,26.76,80.88,2,3,119.94601440429688,24.33,87.5,2.9,0.0
AWS_LKO_01,Amausi Airport,2025-07-17T01:00:00,26.76,80.88,2,3,119.94601440429688,25.21,86.1,2.6,0.0
AWS_LKO_01,Amausi Airport,2025-07-17T02:00:00,26.76,80.88,2,3,119.94601440429688,25.35,84.0,2.6,0.0
AWS_LKO_01,Amausi Airport,2025-07-17T03:00:00,26.76,80.88,2,3,119.94601440429688,26.19,80.6,2.7,0.0
AWS_LKO_01,Amausi Airport,2025-07-17T04:00:00,26.76,80.88,2,3,119.94601440429688,27.83,83.5,2.1,0.0
AWS_LKO_01,Amausi Airport,2025-07-17T05:00:00,26.76,80.88,2,3,119.94601440429688,28.71,78.7,1.8,0.0
AWS_LKO_01,Amausi Airport,2025-07-17T06:00:00,26.76,80.88,2,3,119.94601440429688,30.23,77.7,1.5,9.62
AWS_LKO_01,Amausi Airport,2025-07-17T07:00:00,26.76,80.88,2,3,119.94601440429688,31.72,74.9,2.3,0.0
AWS_LKO_01,Amausi Airport,2025-07-17T08:00:00,26.76,80.88,2,3,119.94601440429688,33.21,75.1,1.3,0.0
AWS_LKO_01,Amausi Airport,2025-07-17T09:00:00,26.76,80.88,2,3,119.94601440429688,33.81,69.8,3.0,0.0
AWS_LKO_01,Amausi Airport,2025-07-17T10:00:00,26.76,80.88,2,3,119.94601440429688,35.81,65.8,3.2,0.0
AWS_LKO_01,Amausi Airport,2025-07-17T11:00:00,26.76,80.88,2,3,119.94601440429688,36.21,66.6,2.1,1.94
AWS_LKO_01,Amausi Airport,2025-07-17T12:00:00,26.76,80.88,2,3,119.94601440429688,36.57,65.8,3.3,0.0
AWS_LKO_01,Amausi Airport,2025-07-17T13:00:00,26.76,80.88,2,3,119.94601440429688,35.73,69.9,3.6,1.17
AWS_LKO_01,Amausi Airport,2025-07-17T14:00:00,26.76,80.88,2,3,119.94601440429688,34.79,64.1,3.7,0.0
AWS_LKO_01,Amausi Airport,2025-07-17T15:00:00,26.76,80.88,2,3,119.94601440429688,33.26,66.7,4.4,0.0
AWS_LKO_01,Amausi Airport,2025-07-17T16:00:00,26.76,80.88,2,3,119.94601440429688,32.87,71.1,4.8,0.0
AWS_LKO_01,Amausi Airport,2025-07-17T17:00:00,26.76,80.88,2,3,119.94601440429688,31.39,70.6,4.4,0.0
AWS_LKO_01,Amausi Airport,2025-07-17T18:00:00,26.76,80.88,2,3,119.94601440429688,29.89,75.7,4.0,0.0
AWS_LKO_01,Amausi Airport,2025-07-17T19:00:00,26.76,80.88,2,3,119.94601440429688,28.88,80.2,4.4,0.0
AWS_LKO_01,Amausi Airport,2025-07-17T20:00:00,26.76,80.88,2,3,119.94601440429688,27.29,80.0,3.6,0.0
AWS_LKO_01,Amausi Airport,2025-07-17T21:00:00,26.76,80.88,2,3,119.94601440429688,25.57,83.4,4.3,0.0
AWS_LKO_01,Amausi Airport,2025-07-17T22:00:00,26.76,80.88,2,3,119.94601440429688,25.81,83.8,3.9,0.0
AWS_LKO_01,Amausi Airport,2025-07-17T23:00:00,26.76,80.88,2,3,119.94601440429688,24.64,85.2,3.1,0.0
AWS_LKO_02,Bakshi Ka Talab,2025-07-15T00:00:00,26.98,80.93,7,2,121.50279235839844,24.33,85.4,4.0,0.33
AWS_LKO_02,Bakshi Ka Talab,2025-07-15T01:00:00,26.98,80.93,7,2,121.50279235839844,24.68,86.3,2.8,0.0
AWS_LKO_02,Bakshi Ka Talab,2025-07-15T02:00:00,26.98,80.93,7,2,121.50279235839844,24.99,86.7,2.6,0.0
AWS_LKO_02,Bakshi Ka Talab,2025-07-15T03:00:00,26.98,80.93,7,2,121.50279235839844,26.31,83.3,2.7,0.0
AWS_LKO_02,Bakshi Ka Talab,2025-07-15T04:00:00,26.98,80.93,7,2,121.50279235839844,27.2,81.5,1.6,2.19
AWS_LKO_02,Bakshi Ka Talab,2025-07-15T05:00:00,26.98,80.93,7,2,121.50279235839844,28.81,78.4,1.1,0.0
AWS_LKO_02,Bakshi Ka Talab,2025-07-15T06:00:00,26.98,80.93,7,2,121.50279235839844,29.41,77.1,2.4,0.0
AWS_LKO_02,Bakshi Ka Talab,2025-07-15T07:00:00,26.98,80.93,7,2,121.50279235839844,32.13,72.5,2.9,0.0
AWS_LKO_02,Bakshi Ka Talab,2025-07-15T08:00:00,26.98,80.93,7,2,121.50279235839844,32.56,69.4,2.0,0.0
AWS_LKO_02,Bakshi Ka Talab,2025-07-15T09:00:00,26.98,80.93,7,2,121.50279235839844,34.65,69.4,2.5,0.0
AWS_LKO_02,Bakshi Ka Talab,2025-07-15T10:00:00,26.98,80.93,7,2,121.50279235839844,34.23,66.4,1.7,0.0
AWS_LKO_02,Bakshi Ka Talab,2025-07-15T11:00:00,26.98,80.93,7,2,121.50279235839844,35.97,68.0,3.5,0.0
AWS_LKO_02,Bakshi Ka Talab,2025-07-15T12:00:00,26.98,80.93,7,2,121.50279235839844,35.59,64.3,2.7,4.15
AWS_LKO_02,Bakshi Ka Talab,2025-07-15T13:00:00,26.98,80.93,7,2,121.50279235839844,35.33,64.3,4.1,2.11
AWS_LKO_02,Bakshi Ka Talab,2025-07-15T14:00:00,26.98,80.93,7,2,121.50279235839844,35.4,65.7,3.0,0.0
AWS_LKO_02,Bakshi Ka Talab,2025-07-15T15:00:00,26.98,80.93,7,2,121.50279235839844,34.59,69.0,4.2,0.0
AWS_LKO_02,Bakshi Ka Talab,2025-07-15T16:00:00,26.98,80.93,7,2,121.50279235839844,32.92,69.3,4.2,0.0
AWS_LKO_02,Bakshi Ka Talab,2025-07-15T17:00:00,26.98,80.93,7,2,121.50279235839844,31.42,72.8,4.3,1.96
AWS_LKO_02,Bakshi Ka Talab,2025-07-15T18:00:00,26.98,80.93,7,2,121.50279235839844,30.09,78.4,4.7,12.49
AWS_LKO_02,Bakshi Ka Talab,2025-07-15T19:00:00,26.98,80.93,7,2,121.50279235839844,28.65,79.6,4.2,0.0
AWS_LKO_02,Bakshi Ka Talab,2025-07-15T20:00:00,26.98,80.93,7,2,121.50279235839844,26.82,78.7,4.5,0.0
AWS_LKO_02,Bakshi Ka Talab,2025-07-15T21:00:00,26.98,80.93,7,2,121.50279235839844,25.49,85.6,5.2,0.0
AWS_LKO_02,Bakshi Ka Talab,2025-07-15T22:00:00,26.98,80.93,7,2,121.50279235839844,25.34,86.4,3.3,0.0
AWS_LKO_02,Bakshi Ka Talab,2025-07-15T23:00:00,26.98,80.93,7,2,121.50279235839844,24.53,85.3,3.3,0.0
AWS_LKO_02,Bakshi Ka Talab,2025-07-16T00:00:00,26.98,80.93,7,2,121.50279235839844,24.71,86.6,3.7,2.35
AWS_LKO_02,Bakshi Ka Talab,2025-07-16T01:00:00,26.98,80.93,7,2,121.50279235839844,24.15,85.3,4.1,0.0
AWS_LKO_02,Bakshi Ka Talab,2025-07-16T02:00:00,26.98,80.93,7,2,121.50279235839844,25.87,87.5,2.0,0.0
AWS_LKO_02,Bakshi Ka Talab,2025-07-16T03:00:00,26.98,80.93,7,2,121.50279235839844,26.5,83.0,2.1,0.0
AWS_LKO_02,Bakshi Ka Talab,2025-07-16T04:00:00,26.98,80.93,7,2,121.50279235839844,27.54,81.7,2.7,6.25
AWS_LKO_02,Bakshi Ka Talab,2025-07-16T05:00:00,26.98,80.93,7,2,121.50279235839844,28.81,79.0,1.9,0.0
AWS_LKO_02,Bakshi Ka Talab,2025-07-16T06:00:00,26.98,80.93,7,2,121.50279235839844,30.14,74.2,2.0,0.0
AWS_LKO_02,Bakshi Ka Talab,2025-07-16T07:00:00,26.98,80.93,7,2,121.50279235839844,31.77,70.8,2.7,0.0
AWS_LKO_02,Bakshi Ka Talab,2025-07-16T08:00:00,26.98,80.93,7,2,121.50279235839844,33.2,70.0,2.3,0.0
AWS_LKO_02,Bakshi Ka Talab,2025-07-16T09:00:00,26.98,80.93,7,2,121.50279235839844,33.11,70.6,2.5,0.0
AWS_LKO_02,Bakshi Ka Talab,2025-07-16T10:00:00,26.98,80.93,7,2,121.50279235839844,35.43,66.9,2.8,0.0
AWS_LKO_02,Bakshi Ka Talab,2025-07-16T11:00:00,26.98,80.93,7,2,121.50279235839844,36.1,66.1,2.8,0.0
AWS_LKO_02,Bakshi Ka Talab,2025-07-16T12:00:00,26.98,80.93,7,2,121.50279235839844,36.16,65.8,3.1,0.0
AWS_LKO_02,Bakshi Ka Talab,2025-07-16T13:00:00,26.98,80.93,7,2,121.50279235839844,35.9,67.4,3.6,2.59
AWS_LKO_02,Bakshi Ka Talab,2025-07-16T14:00:00,26.98,80.93,7,2,121.50279235839844,35.4,68.8,3.4,0.0
AWS_LKO_02,Bakshi Ka Talab,2025-07-16T15:00:00,26.98,80.93,7,2,121.50279235839844,34.24,70.7,3.8,0.0
AWS_LKO_02,Bakshi Ka Talab,2025-07-16T16:00:00,26.98,80.93,7,2,121.50279235839844,33.32,71.8,4.6,0.0
AWS_LKO_02,Bakshi Ka Talab,2025-07-16T17:00:00,26.98,80.93,7,2,121.50279235839844,31.82,74.1,4.1,0.0
AWS_LKO_02,Bakshi Ka Talab,2025-07-16T18:00:00,26.98,80.93,7,2,121.50279235839844,30.67,77.1,4.6,2.67
AWS_LKO_02,Bakshi Ka Talab,2025-07-16T19:00:00,26.98,80.93,7,2,121.50279235839844,29.19,78.3,4.0,0.0
AWS_LKO_02,Bakshi Ka Talab,2025-07-16T20:00:00,26.98,80.93,7,2,121.50279235839844,27.36,80.1,4.3,0.0
AWS_LKO_02,Bakshi Ka Talab,2025-07-16T21:00:00,26.98,80.93,7,2,121.50279235839844,26.25,80.2,4.2,2.78
AWS_LKO_02,Bakshi Ka Talab,2025-07-16T22:00:00,26.98,80.93,7,2,121.50279235839844,25.69,86.0,3.0,0.0
AWS_LKO_02,Bakshi Ka Talab,2025-07-16T23:00:00,26.98,80.93,7,2,121.50279235839844,24.57,86.9,3.2,0.0
AWS_LKO_02,Bakshi Ka Talab,2025-07-17T00:00:00,26.98,80.93,7,2,121.50279235839844,25.02,85.6,3.1,0.0
AWS_LKO_02,Bakshi Ka Talab,2025-07-17T01:00:00,26.98,80.93,7,2,121.50279235839844,24.08,85.7,2.9,0.0
AWS_LKO_02,Bakshi Ka Talab,2025-07-17T02:00:00,26.98,80.93,7,2,121.50279235839844,25.97,82.6,1.1,0.0
AWS_LKO_02,Bakshi Ka Talab,2025-07-17T03:00:00,26.98,80.93,7,2,121.50279235839844,26.37,82.0,2.4,0.0
AWS_LKO_02,Bakshi Ka Talab,2025-07-17T04:00:00,26.98,80.93,7,2,121.50279235839844,27.76,79.5,2.4,0.0
AWS_LKO_02,Bakshi Ka Talab,2025-07-17T05:00:00,26.98,80.93,7,2,121.50279235839844,28.97,76.8,2.1,0.0
AWS_LKO_02,Bakshi Ka Talab,2025-07-17T06:00:00,26.98,80.93,7,2,121.50279235839844,30.18,73.3,1.7,0.0
AWS_LKO_02,Bakshi Ka Talab,2025-07-17T07:00:00,26.98,80.93,7,2,121.50279235839844,31.45,72.5,2.0,0.0
AWS_LKO_02,Bakshi Ka Talab,2025-07-17T08:00:00,26.98,80.93,7,2,121.50279235839844,32.81,71.3,2.6,0.0
AWS_LKO_02,Bakshi Ka Talab,2025-07-17T09:00:00,26.98,80.93,7,2,121.50279235839844,33.73,68.6,2.0,0.0
AWS_LKO_02,Bakshi Ka Talab,2025-07-17T10:00:00,26.98,80.93,7,2,121.50279235839844,34.76,68.7,2.7,0.0
AWS_LKO_02,Bakshi Ka Talab,2025-07-17T11:00:00,26.98,80.93,7,2,121.50279235839844,35.58,66.1,3.3,0.0
AWS_LKO_02,Bakshi Ka Talab,2025-07-17T12:00:00,26.98,80.93,7,2,121.50279235839844,35.8,65.2,2.0,0.0
AWS_LKO_02,Bakshi Ka Talab,2025-07-17T13:00:00,26.98,80.93,7,2,121.50279235839844,35.45,67.2,3.1,0.0
AWS_LKO_02,Bakshi Ka Talab,2025-07-17T14:00:00,26.98,80.93,7,2,121.50279235839844,34.99,67.7,3.5,0.0
AWS_LKO_02,Bakshi Ka Talab,2025-07-17T15:00:00,26.98,80.93,7,2,121.50279235839844,33.95,68.3,4.1,0.0
AWS_LKO_02,Bakshi Ka Talab,2025-07-17T16:00:00,26.98,80.93,7,2,121.50279235839844,32.94,72.0,3.5,0.0
AWS_LKO_02,Bakshi Ka Talab,2025-07-17T17:00:00,26.98,80.93,7,2,121.50279235839844,30.7,71.3,3.7,5.84
AWS_LKO_02,Bakshi Ka Talab,2025-07-17T18:00:00,26.98,80.93,7,2,121.50279235839844,30.68,75.5,4.2,0.0
AWS_LKO_02,Bakshi Ka Talab,2025-07-17T19:00:00,26.98,80.93,7,2,121.50279235839844,28.96,80.1,4.3,0.0
AWS_LKO_02,Bakshi Ka Talab,2025-07-17T20:00:00,26.98,80.93,7,2,121.50279235839844,27.83,83.4,3.9,0.0
AWS_LKO_02,Bakshi Ka Talab,2025-07-17T21:00:00,26.98,80.93,7,2,121.50279235839844,26.13,81.7,4.6,0.0
AWS_LKO_02,Bakshi Ka Talab,2025-07-17T22:00:00,26.98,80.93,7,2,121.50279235839844,26.05,83.4,3.9,0.0
AWS_LKO_02,Bakshi Ka Talab,2025-07-17T23:00:00,26.98,80.93,7,2,121.50279235839844,24.82,84.7,3.4,2.9
AWS_LKO_03,Chinhat Agri Block,2025-07-15T00:00:00,26.89,81.04,8,7,120.3670425415039,24.99,85.1,3.1,0.0
AWS_LKO_03,Chinhat Agri Block,2025-07-15T01:00:00,26.89,81.04,8,7,120.3670425415039,24.49,86.7,1.7,0.0
AWS_LKO_03,Chinhat Agri Block,2025-07-15T02:00:00,26.89,81.04,8,7,120.3670425415039,25.43,84.2,2.6,0.0
AWS_LKO_03,Chinhat Agri Block,2025-07-15T03:00:00,26.89,81.04,8,7,120.3670425415039,26.53,84.6,2.0,0.0
AWS_LKO_03,Chinhat Agri Block,2025-07-15T04:00:00,26.89,81.04,8,7,120.3670425415039,27.62,81.0,2.5,1.23
AWS_LKO_03,Chinhat Agri Block,2025-07-15T05:00:00,26.89,81.04,8,7,120.3670425415039,29.01,78.7,2.8,0.0
AWS_LKO_03,Chinhat Agri Block,2025-07-15T06:00:00,26.89,81.04,8,7,120.3670425415039,30.59,74.0,2.3,0.0
AWS_LKO_03,Chinhat Agri Block,2025-07-15T07:00:00,26.89,81.04,8,7,120.3670425415039,31.89,71.0,1.6,1.04
AWS_LKO_03,Chinhat Agri Block,2025-07-15T08:00:00,26.89,81.04,8,7,120.3670425415039,32.91,68.6,2.1,12.66
AWS_LKO_03,Chinhat Agri Block,2025-07-15T09:00:00,26.89,81.04,8,7,120.3670425415039,34.75,69.0,2.5,0.0
AWS_LKO_03,Chinhat Agri Block,2025-07-15T10:00:00,26.89,81.04,8,7,120.3670425415039,34.88,66.5,2.3,3.9
AWS_LKO_03,Chinhat Agri Block,2025-07-15T11:00:00,26.89,81.04,8,7,120.3670425415039,35.27,67.0,3.6,6.67
AWS_LKO_03,Chinhat Agri Block,2025-07-15T12:00:00,26.89,81.04,8,7,120.3670425415039,35.18,68.5,2.6,0.0
AWS_LKO_03,Chinhat Agri Block,2025-07-15T13:00:00,26.89,81.04,8,7,120.3670425415039,35.85,66.1,3.7,0.0
AWS_LKO_03,Chinhat Agri Block,2025-07-15T14:00:00,26.89,81.04,8,7,120.3670425415039,35.09,68.4,3.3,0.0
AWS_LKO_03,Chinhat Agri Block,2025-07-15T15:00:00,26.89,81.04,8,7,120.3670425415039,34.02,66.6,4.1,0.0
AWS_LKO_03,Chinhat Agri Block,2025-07-15T16:00:00,26.89,81.04,8,7,120.3670425415039,32.74,71.4,4.7,0.0
AWS_LKO_03,Chinhat Agri Block,2025-07-15T17:00:00,26.89,81.04,8,7,120.3670425415039,31.37,70.1,5.1,0.72
AWS_LKO_03,Chinhat Agri Block,2025-07-15T18:00:00,26.89,81.04,8,7,120.3670425415039,29.63,75.6,4.2,0.0
AWS_LKO_03,Chinhat Agri Block,2025-07-15T19:00:00,26.89,81.04,8,7,120.3670425415039,29.01,78.6,4.5,0.0
AWS_LKO_03,Chinhat Agri Block,2025-07-15T20:00:00,26.89,81.04,8,7,120.3670425415039,28.26,78.9,4.3,0.0
AWS_LKO_03,Chinhat Agri Block,2025-07-15T21:00:00,26.89,81.04,8,7,120.3670425415039,26.04,83.8,3.8,0.0
AWS_LKO_03,Chinhat Agri Block,2025-07-15T22:00:00,26.89,81.04,8,7,120.3670425415039,25.6,84.6,3.5,0.0
AWS_LKO_03,Chinhat Agri Block,2025-07-15T23:00:00,26.89,81.04,8,7,120.3670425415039,25.08,84.1,3.9,0.0
AWS_LKO_03,Chinhat Agri Block,2025-07-16T00:00:00,26.89,81.04,8,7,120.3670425415039,24.32,86.6,3.9,0.0
AWS_LKO_03,Chinhat Agri Block,2025-07-16T01:00:00,26.89,81.04,8,7,120.3670425415039,25.03,86.5,2.8,0.0
AWS_LKO_03,Chinhat Agri Block,2025-07-16T02:00:00,26.89,81.04,8,7,120.3670425415039,24.93,85.5,3.0,0.0
AWS_LKO_03,Chinhat Agri Block,2025-07-16T03:00:00,26.89,81.04,8,7,120.3670425415039,26.13,82.8,1.9,2.62
AWS_LKO_03,Chinhat Agri Block,2025-07-16T04:00:00,26.89,81.04,8,7,120.3670425415039,27.13,81.5,1.8,0.0
AWS_LKO_03,Chinhat Agri Block,2025-07-16T05:00:00,26.89,81.04,8,7,120.3670425415039,28.15,77.6,2.7,0.0
AWS_LKO_03,Chinhat Agri Block,2025-07-16T06:00:00,26.89,81.04,8,7,120.3670425415039,30.3,76.2,2.1,0.0
AWS_LKO_03,Chinhat Agri Block,2025-07-16T07:00:00,26.89,81.04,8,7,120.3670425415039,31.86,72.4,2.4,0.0
AWS_LKO_03,Chinhat Agri Block,2025-07-16T08:00:00,26.89,81.04,8,7,120.3670425415039,33.5,69.2,1.8,0.0
AWS_LKO_03,Chinhat Agri Block,2025-07-16T09:00:00,26.89,81.04,8,7,120.3670425415039,33.85,69.0,1.9,0.0
AWS_LKO_03,Chinhat Agri Block,2025-07-16T10:00:00,26.89,81.04,8,7,120.3670425415039,35.05,67.1,1.8,0.0
AWS_LKO_03,Chinhat Agri Block,2025-07-16T11:00:00,26.89,81.04,8,7,120.3670425415039,36.3,68.9,2.9,0.0
AWS_LKO_03,Chinhat Agri Block,2025-07-16T12:00:00,26.89,81.04,8,7,120.3670425415039,36.01,65.7,3.9,0.0
AWS_LKO_03,Chinhat Agri Block,2025-07-16T13:00:00,26.89,81.04,8,7,120.3670425415039,35.35,64.3,3.5,0.0
AWS_LKO_03,Chinhat Agri Block,2025-07-16T14:00:00,26.89,81.04,8,7,120.3670425415039,34.74,65.9,3.6,0.29
AWS_LKO_03,Chinhat Agri Block,2025-07-16T15:00:00,26.89,81.04,8,7,120.3670425415039,34.26,69.0,4.4,0.0
AWS_LKO_03,Chinhat Agri Block,2025-07-16T16:00:00,26.89,81.04,8,7,120.3670425415039,33.12,71.7,4.9,0.0
AWS_LKO_03,Chinhat Agri Block,2025-07-16T17:00:00,26.89,81.04,8,7,120.3670425415039,31.19,72.0,4.6,0.0
AWS_LKO_03,Chinhat Agri Block,2025-07-16T18:00:00,26.89,81.04,8,7,120.3670425415039,29.49,76.5,4.1,5.8
AWS_LKO_03,Chinhat Agri Block,2025-07-16T19:00:00,26.89,81.04,8,7,120.3670425415039,28.74,77.5,4.4,0.0
AWS_LKO_03,Chinhat Agri Block,2025-07-16T20:00:00,26.89,81.04,8,7,120.3670425415039,27.16,79.4,3.7,5.23
AWS_LKO_03,Chinhat Agri Block,2025-07-16T21:00:00,26.89,81.04,8,7,120.3670425415039,26.01,84.8,4.5,0.0
AWS_LKO_03,Chinhat Agri Block,2025-07-16T22:00:00,26.89,81.04,8,7,120.3670425415039,24.74,83.6,4.4,0.0
AWS_LKO_03,Chinhat Agri Block,2025-07-16T23:00:00,26.89,81.04,8,7,120.3670425415039,24.49,84.9,2.9,0.0
AWS_LKO_03,Chinhat Agri Block,2025-07-17T00:00:00,26.89,81.04,8,7,120.3670425415039,24.46,88.0,4.1,3.15
AWS_LKO_03,Chinhat Agri Block,2025-07-17T01:00:00,26.89,81.04,8,7,120.3670425415039,25.28,84.3,3.2,0.0
AWS_LKO_03,Chinhat Agri Block,2025-07-17T02:00:00,26.89,81.04,8,7,120.3670425415039,25.66,84.7,1.8,0.0
AWS_LKO_03,Chinhat Agri Block,2025-07-17T03:00:00,26.89,81.04,8,7,120.3670425415039,26.63,82.4,2.5,0.0
AWS_LKO_03,Chinhat Agri Block,2025-07-17T04:00:00,26.89,81.04,8,7,120.3670425415039,26.52,81.2,2.7,0.0
AWS_LKO_03,Chinhat Agri Block,2025-07-17T05:00:00,26.89,81.04,8,7,120.3670425415039,29.17,78.9,2.3,0.0
AWS_LKO_03,Chinhat Agri Block,2025-07-17T06:00:00,26.89,81.04,8,7,120.3670425415039,30.03,77.0,1.7,0.0
AWS_LKO_03,Chinhat Agri Block,2025-07-17T07:00:00,26.89,81.04,8,7,120.3670425415039,31.84,74.1,2.4,0.0
AWS_LKO_03,Chinhat Agri Block,2025-07-17T08:00:00,26.89,81.04,8,7,120.3670425415039,33.2,71.2,1.0,0.0
AWS_LKO_03,Chinhat Agri Block,2025-07-17T09:00:00,26.89,81.04,8,7,120.3670425415039,34.06,70.0,2.8,0.0
AWS_LKO_03,Chinhat Agri Block,2025-07-17T10:00:00,26.89,81.04,8,7,120.3670425415039,34.94,68.1,3.0,0.0
AWS_LKO_03,Chinhat Agri Block,2025-07-17T11:00:00,26.89,81.04,8,7,120.3670425415039,35.11,67.2,2.9,2.81
AWS_LKO_03,Chinhat Agri Block,2025-07-17T12:00:00,26.89,81.04,8,7,120.3670425415039,35.98,66.7,3.4,0.0
AWS_LKO_03,Chinhat Agri Block,2025-07-17T13:00:00,26.89,81.04,8,7,120.3670425415039,35.3,64.9,3.4,0.0
AWS_LKO_03,Chinhat Agri Block,2025-07-17T14:00:00,26.89,81.04,8,7,120.3670425415039,34.77,66.1,4.1,0.0
AWS_LKO_03,Chinhat Agri Block,2025-07-17T15:00:00,26.89,81.04,8,7,120.3670425415039,33.93,68.0,4.4,0.0
AWS_LKO_03,Chinhat Agri Block,2025-07-17T16:00:00,26.89,81.04,8,7,120.3670425415039,33.43,71.4,4.1,0.0
AWS_LKO_03,Chinhat Agri Block,2025-07-17T17:00:00,26.89,81.04,8,7,120.3670425415039,31.68,71.9,3.8,0.0
AWS_LKO_03,Chinhat Agri Block,2025-07-17T18:00:00,26.89,81.04,8,7,120.3670425415039,29.59,77.7,4.1,6.13
AWS_LKO_03,Chinhat Agri Block,2025-07-17T19:00:00,26.89,81.04,8,7,120.3670425415039,29.39,77.8,3.5,0.0
AWS_LKO_03,Chinhat Agri Block,2025-07-17T20:00:00,26.89,81.04,8,7,120.3670425415039,27.27,80.7,4.5,0.0
AWS_LKO_03,Chinhat Agri Block,2025-07-17T21:00:00,26.89,81.04,8,7,120.3670425415039,26.25,84.7,4.8,0.0
AWS_LKO_03,Chinhat Agri Block,2025-07-17T22:00:00,26.89,81.04,8,7,120.3670425415039,26.04,83.8,3.7,0.0
AWS_LKO_03,Chinhat Agri Block,2025-07-17T23:00:00,26.89,81.04,8,7,120.3670425415039,24.67,86.1,3.5,2.93
AWS_LKO_04,Mohanlalganj,2025-07-15T00:00:00,26.68,80.98,3,8,117.92691802978516,24.62,84.5,3.6,0.0
AWS_LKO_04,Mohanlalganj,2025-07-15T01:00:00,26.68,80.98,3,8,117.92691802978516,25.31,83.9,2.1,0.0
AWS_LKO_04,Mohanlalganj,2025-07-15T02:00:00,26.68,80.98,3,8,117.92691802978516,25.42,82.4,2.1,0.0
AWS_LKO_04,Mohanlalganj,2025-07-15T03:00:00,26.68,80.98,3,8,117.92691802978516,25.92,83.1,2.5,0.31
AWS_LKO_04,Mohanlalganj,2025-07-15T04:00:00,26.68,80.98,3,8,117.92691802978516,27.43,81.2,2.3,0.0
AWS_LKO_04,Mohanlalganj,2025-07-15T05:00:00,26.68,80.98,3,8,117.92691802978516,28.46,76.6,2.5,13.41
AWS_LKO_04,Mohanlalganj,2025-07-15T06:00:00,26.68,80.98,3,8,117.92691802978516,30.54,74.3,2.4,0.0
AWS_LKO_04,Mohanlalganj,2025-07-15T07:00:00,26.68,80.98,3,8,117.92691802978516,32.25,74.4,1.3,0.0
AWS_LKO_04,Mohanlalganj,2025-07-15T08:00:00,26.68,80.98,3,8,117.92691802978516,33.18,71.6,2.4,0.0
AWS_LKO_04,Mohanlalganj,2025-07-15T09:00:00,26.68,80.98,3,8,117.92691802978516,33.57,67.7,3.2,3.5
AWS_LKO_04,Mohanlalganj,2025-07-15T10:00:00,26.68,80.98,3,8,117.92691802978516,34.85,65.0,2.5,0.0
AWS_LKO_04,Mohanlalganj,2025-07-15T11:00:00,26.68,80.98,3,8,117.92691802978516,35.73,67.3,2.4,0.0
AWS_LKO_04,Mohanlalganj,2025-07-15T12:00:00,26.68,80.98,3,8,117.92691802978516,35.37,65.9,3.4,0.0
AWS_LKO_04,Mohanlalganj,2025-07-15T13:00:00,26.68,80.98,3,8,117.92691802978516,35.6,65.8,2.7,0.0
AWS_LKO_04,Mohanlalganj,2025-07-15T14:00:00,26.68,80.98,3,8,117.92691802978516,34.98,67.3,4.6,0.0
AWS_LKO_04,Mohanlalganj,2025-07-15T15:00:00,26.68,80.98,3,8,117.92691802978516,34.62,68.2,4.2,0.0
AWS_LKO_04,Mohanlalganj,2025-07-15T16:00:00,26.68,80.98,3,8,117.92691802978516,33.11,71.9,3.9,0.0
AWS_LKO_04,Mohanlalganj,2025-07-15T17:00:00,26.68,80.98,3,8,117.92691802978516,31.29,73.3,4.0,0.0
AWS_LKO_04,Mohanlalganj,2025-07-15T18:00:00,26.68,80.98,3,8,117.92691802978516,30.86,77.5,4.6,0.0
AWS_LKO_04,Mohanlalganj,2025-07-15T19:00:00,26.68,80.98,3,8,117.92691802978516,28.97,78.7,4.7,0.0
AWS_LKO_04,Mohanlalganj,2025-07-15T20:00:00,26.68,80.98,3,8,117.92691802978516,28.03,82.0,4.3,1.86
AWS_LKO_04,Mohanlalganj,2025-07-15T21:00:00,26.68,80.98,3,8,117.92691802978516,27.01,83.2,4.4,0.0
AWS_LKO_04,Mohanlalganj,2025-07-15T22:00:00,26.68,80.98,3,8,117.92691802978516,25.14,82.5,4.0,0.0
AWS_LKO_04,Mohanlalganj,2025-07-15T23:00:00,26.68,80.98,3,8,117.92691802978516,25.19,88.8,3.1,0.0
AWS_LKO_04,Mohanlalganj,2025-07-16T00:00:00,26.68,80.98,3,8,117.92691802978516,24.47,88.5,4.2,0.0
AWS_LKO_04,Mohanlalganj,2025-07-16T01:00:00,26.68,80.98,3,8,117.92691802978516,24.59,84.8,2.0,1.43
AWS_LKO_04,Mohanlalganj,2025-07-16T02:00:00,26.68,80.98,3,8,117.92691802978516,25.17,84.6,3.0,5.78
AWS_LKO_04,Mohanlalganj,2025-07-16T03:00:00,26.68,80.98,3,8,117.92691802978516,26.32,85.6,1.8,0.0
AWS_LKO_04,Mohanlalganj,2025-07-16T04:00:00,26.68,80.98,3,8,117.92691802978516,27.35,80.5,2.6,0.0
AWS_LKO_04,Mohanlalganj,2025-07-16T05:00:00,26.68,80.98,3,8,117.92691802978516,28.93,77.5,2.2,0.0
AWS_LKO_04,Mohanlalganj,2025-07-16T06:00:00,26.68,80.98,3,8,117.92691802978516,29.78,74.8,3.5,0.0
AWS_LKO_04,Mohanlalganj,2025-07-16T07:00:00,26.68,80.98,3,8,117.92691802978516,32.13,75.0,1.8,0.0
AWS_LKO_04,Mohanlalganj,2025-07-16T08:00:00,26.68,80.98,3,8,117.92691802978516,33.18,70.7,2.1,0.0
AWS_LKO_04,Mohanlalganj,2025-07-16T09:00:00,26.68,80.98,3,8,117.92691802978516,34.23,70.1,2.4,0.0
AWS_LKO_04,Mohanlalganj,2025-07-16T10:00:00,26.68,80.98,3,8,117.92691802978516,34.88,66.1,2.7,0.0
AWS_LKO_04,Mohanlalganj,2025-07-16T11:00:00,26.68,80.98,3,8,117.92691802978516,36.72,67.1,3.3,0.0
AWS_LKO_04,Mohanlalganj,2025-07-16T12:00:00,26.68,80.98,3,8,117.92691802978516,35.88,67.0,4.2,0.0
AWS_LKO_04,Mohanlalganj,2025-07-16T13:00:00,26.68,80.98,3,8,117.92691802978516,35.07,65.0,3.8,0.0
AWS_LKO_04,Mohanlalganj,2025-07-16T14:00:00,26.68,80.98,3,8,117.92691802978516,34.81,67.0,4.3,0.0
AWS_LKO_04,Mohanlalganj,2025-07-16T15:00:00,26.68,80.98,3,8,117.92691802978516,34.47,68.6,4.3,0.0
AWS_LKO_04,Mohanlalganj,2025-07-16T16:00:00,26.68,80.98,3,8,117.92691802978516,32.88,70.6,5.5,0.0
AWS_LKO_04,Mohanlalganj,2025-07-16T17:00:00,26.68,80.98,3,8,117.92691802978516,31.81,73.2,4.1,0.0
AWS_LKO_04,Mohanlalganj,2025-07-16T18:00:00,26.68,80.98,3,8,117.92691802978516,30.62,79.1,3.6,0.0
AWS_LKO_04,Mohanlalganj,2025-07-16T19:00:00,26.68,80.98,3,8,117.92691802978516,28.04,80.2,4.9,0.0
AWS_LKO_04,Mohanlalganj,2025-07-16T20:00:00,26.68,80.98,3,8,117.92691802978516,26.41,81.0,4.4,0.0
AWS_LKO_04,Mohanlalganj,2025-07-16T21:00:00,26.68,80.98,3,8,117.92691802978516,26.69,83.4,3.6,1.65
AWS_LKO_04,Mohanlalganj,2025-07-16T22:00:00,26.68,80.98,3,8,117.92691802978516,25.62,83.4,3.6,0.0
AWS_LKO_04,Mohanlalganj,2025-07-16T23:00:00,26.68,80.98,3,8,117.92691802978516,24.39,85.6,2.8,0.0
AWS_LKO_04,Mohanlalganj,2025-07-17T00:00:00,26.68,80.98,3,8,117.92691802978516,24.7,84.8,4.2,0.0
AWS_LKO_04,Mohanlalganj,2025-07-17T01:00:00,26.68,80.98,3,8,117.92691802978516,25.28,86.0,3.8,0.0
AWS_LKO_04,Mohanlalganj,2025-07-17T02:00:00,26.68,80.98,3,8,117.92691802978516,25.59,85.1,1.6,0.0
AWS_LKO_04,Mohanlalganj,2025-07-17T03:00:00,26.68,80.98,3,8,117.92691802978516,26.25,81.0,2.2,0.0
AWS_LKO_04,Mohanlalganj,2025-07-17T04:00:00,26.68,80.98,3,8,117.92691802978516,27.43,82.5,2.1,0.0
AWS_LKO_04,Mohanlalganj,2025-07-17T05:00:00,26.68,80.98,3,8,117.92691802978516,28.51,78.5,2.1,8.39
AWS_LKO_04,Mohanlalganj,2025-07-17T06:00:00,26.68,80.98,3,8,117.92691802978516,30.55,72.6,1.7,0.0
AWS_LKO_04,Mohanlalganj,2025-07-17T07:00:00,26.68,80.98,3,8,117.92691802978516,31.72,73.0,2.7,0.0
AWS_LKO_04,Mohanlalganj,2025-07-17T08:00:00,26.68,80.98,3,8,117.92691802978516,32.21,72.0,1.8,0.0
AWS_LKO_04,Mohanlalganj,2025-07-17T09:00:00,26.68,80.98,3,8,117.92691802978516,33.63,68.7,2.0,0.0
AWS_LKO_04,Mohanlalganj,2025-07-17T10:00:00,26.68,80.98,3,8,117.92691802978516,35.34,69.3,2.9,0.0
AWS_LKO_04,Mohanlalganj,2025-07-17T11:00:00,26.68,80.98,3,8,117.92691802978516,35.07,66.8,3.6,5.82
AWS_LKO_04,Mohanlalganj,2025-07-17T12:00:00,26.68,80.98,3,8,117.92691802978516,36.27,66.7,3.6,0.0
AWS_LKO_04,Mohanlalganj,2025-07-17T13:00:00,26.68,80.98,3,8,117.92691802978516,35.78,67.1,3.1,0.0
AWS_LKO_04,Mohanlalganj,2025-07-17T14:00:00,26.68,80.98,3,8,117.92691802978516,34.69,68.2,3.9,0.0
AWS_LKO_04,Mohanlalganj,2025-07-17T15:00:00,26.68,80.98,3,8,117.92691802978516,34.06,69.3,4.2,0.0
AWS_LKO_04,Mohanlalganj,2025-07-17T16:00:00,26.68,80.98,3,8,117.92691802978516,33.28,71.5,5.2,0.0
AWS_LKO_04,Mohanlalganj,2025-07-17T17:00:00,26.68,80.98,3,8,117.92691802978516,32.08,76.2,4.3,0.0
AWS_LKO_04,Mohanlalganj,2025-07-17T18:00:00,26.68,80.98,3,8,117.92691802978516,29.96,74.5,4.0,0.0
AWS_LKO_04,Mohanlalganj,2025-07-17T19:00:00,26.68,80.98,3,8,117.92691802978516,28.52,78.6,4.8,0.0
AWS_LKO_04,Mohanlalganj,2025-07-17T20:00:00,26.68,80.98,3,8,117.92691802978516,27.55,80.2,4.8,0.0
AWS_LKO_04,Mohanlalganj,2025-07-17T21:00:00,26.68,80.98,3,8,117.92691802978516,26.16,82.0,4.5,0.0
AWS_LKO_04,Mohanlalganj,2025-07-17T22:00:00,26.68,80.98,3,8,117.92691802978516,25.49,84.5,3.1,0.0
AWS_LKO_04,Mohanlalganj,2025-07-17T23:00:00,26.68,80.98,3,8,117.92691802978516,25.34,86.5,3.0,0.0
AWS_LKO_05,Malihabad Mango Belt,2025-07-15T00:00:00,26.92,80.71,1,6,119.25736236572266,24.09,86.8,3.7,0.0
AWS_LKO_05,Malihabad Mango Belt,2025-07-15T01:00:00,26.92,80.71,1,6,119.25736236572266,25.11,84.5,3.2,4.8
AWS_LKO_05,Malihabad Mango Belt,2025-07-15T02:00:00,26.92,80.71,1,6,119.25736236572266,25.04,81.6,2.8,4.4
AWS_LKO_05,Malihabad Mango Belt,2025-07-15T03:00:00,26.92,80.71,1,6,119.25736236572266,25.69,84.0,2.2,0.0
AWS_LKO_05,Malihabad Mango Belt,2025-07-15T04:00:00,26.92,80.71,1,6,119.25736236572266,27.72,80.5,1.9,0.0
AWS_LKO_05,Malihabad Mango Belt,2025-07-15T05:00:00,26.92,80.71,1,6,119.25736236572266,29.04,79.7,2.3,0.0
AWS_LKO_05,Malihabad Mango Belt,2025-07-15T06:00:00,26.92,80.71,1,6,119.25736236572266,30.17,75.2,2.6,0.0
AWS_LKO_05,Malihabad Mango Belt,2025-07-15T07:00:00,26.92,80.71,1,6,119.25736236572266,31.39,75.1,1.4,0.0
AWS_LKO_05,Malihabad Mango Belt,2025-07-15T08:00:00,26.92,80.71,1,6,119.25736236572266,33.49,72.0,2.7,0.0
AWS_LKO_05,Malihabad Mango Belt,2025-07-15T09:00:00,26.92,80.71,1,6,119.25736236572266,34.9,69.4,2.9,0.0
AWS_LKO_05,Malihabad Mango Belt,2025-07-15T10:00:00,26.92,80.71,1,6,119.25736236572266,35.68,66.7,1.9,0.0
AWS_LKO_05,Malihabad Mango Belt,2025-07-15T11:00:00,26.92,80.71,1,6,119.25736236572266,35.3,67.0,1.8,0.0
AWS_LKO_05,Malihabad Mango Belt,2025-07-15T12:00:00,26.92,80.71,1,6,119.25736236572266,36.15,66.9,3.5,2.43
AWS_LKO_05,Malihabad Mango Belt,2025-07-15T13:00:00,26.92,80.71,1,6,119.25736236572266,36.16,68.2,4.1,0.0
AWS_LKO_05,Malihabad Mango Belt,2025-07-15T14:00:00,26.92,80.71,1,6,119.25736236572266,35.75,67.4,4.3,0.0
AWS_LKO_05,Malihabad Mango Belt,2025-07-15T15:00:00,26.92,80.71,1,6,119.25736236572266,34.63,69.6,3.5,0.0
AWS_LKO_05,Malihabad Mango Belt,2025-07-15T16:00:00,26.92,80.71,1,6,119.25736236572266,33.18,69.7,5.2,0.0
AWS_LKO_05,Malihabad Mango Belt,2025-07-15T17:00:00,26.92,80.71,1,6,119.25736236572266,31.42,74.2,5.0,0.0
AWS_LKO_05,Malihabad Mango Belt,2025-07-15T18:00:00,26.92,80.71,1,6,119.25736236572266,30.37,76.7,4.4,0.0
AWS_LKO_05,Malihabad Mango Belt,2025-07-15T19:00:00,26.92,80.71,1,6,119.25736236572266,29.0,76.9,4.2,0.0
AWS_LKO_05,Malihabad Mango Belt,2025-07-15T20:00:00,26.92,80.71,1,6,119.25736236572266,27.61,80.6,5.1,0.0
AWS_LKO_05,Malihabad Mango Belt,2025-07-15T21:00:00,26.92,80.71,1,6,119.25736236572266,26.94,81.8,4.0,0.0
AWS_LKO_05,Malihabad Mango Belt,2025-07-15T22:00:00,26.92,80.71,1,6,119.25736236572266,24.99,85.5,4.1,0.0
AWS_LKO_05,Malihabad Mango Belt,2025-07-15T23:00:00,26.92,80.71,1,6,119.25736236572266,24.57,86.0,3.5,0.0
AWS_LKO_05,Malihabad Mango Belt,2025-07-16T00:00:00,26.92,80.71,1,6,119.25736236572266,24.5,85.6,3.1,0.95
AWS_LKO_05,Malihabad Mango Belt,2025-07-16T01:00:00,26.92,80.71,1,6,119.25736236572266,24.59,85.3,2.1,0.0
AWS_LKO_05,Malihabad Mango Belt,2025-07-16T02:00:00,26.92,80.71,1,6,119.25736236572266,24.76,83.9,2.3,0.0
AWS_LKO_05,Malihabad Mango Belt,2025-07-16T03:00:00,26.92,80.71,1,6,119.25736236572266,26.74,82.3,2.2,0.0
AWS_LKO_05,Malihabad Mango Belt,2025-07-16T04:00:00,26.92,80.71,1,6,119.25736236572266,28.0,79.2,2.0,0.0
AWS_LKO_05,Malihabad Mango Belt,2025-07-16T05:00:00,26.92,80.71,1,6,119.25736236572266,28.91,78.5,1.6,0.0
AWS_LKO_05,Malihabad Mango Belt,2025-07-16T06:00:00,26.92,80.71,1,6,119.25736236572266,30.75,76.4,2.1,0.0
AWS_LKO_05,Malihabad Mango Belt,2025-07-16T07:00:00,26.92,80.71,1,6,119.25736236572266,31.2,74.0,1.5,0.0
AWS_LKO_05,Malihabad Mango Belt,2025-07-16T08:00:00,26.92,80.71,1,6,119.25736236572266,32.62,71.0,1.2,0.0
AWS_LKO_05,Malihabad Mango Belt,2025-07-16T09:00:00,26.92,80.71,1,6,119.25736236572266,33.94,68.8,2.0,0.0
AWS_LKO_05,Malihabad Mango Belt,2025-07-16T10:00:00,26.92,80.71,1,6,119.25736236572266,35.18,69.9,3.2,0.0
AWS_LKO_05,Malihabad Mango Belt,2025-07-16T11:00:00,26.92,80.71,1,6,119.25736236572266,35.79,67.0,1.9,0.0
AWS_LKO_05,Malihabad Mango Belt,2025-07-16T12:00:00,26.92,80.71,1,6,119.25736236572266,35.23,65.4,4.1,0.0
AWS_LKO_05,Malihabad Mango Belt,2025-07-16T13:00:00,26.92,80.71,1,6,119.25736236572266,35.49,68.3,3.5,0.0
AWS_LKO_05,Malihabad Mango Belt,2025-07-16T14:00:00,26.92,80.71,1,6,119.25736236572266,34.86,69.0,3.5,0.0
AWS_LKO_05,Malihabad Mango Belt,2025-07-16T15:00:00,26.92,80.71,1,6,119.25736236572266,33.31,68.6,3.9,0.0
AWS_LKO_05,Malihabad Mango Belt,2025-07-16T16:00:00,26.92,80.71,1,6,119.25736236572266,33.06,69.2,4.1,0.0
AWS_LKO_05,Malihabad Mango Belt,2025-07-16T17:00:00,26.92,80.71,1,6,119.25736236572266,32.7,73.9,3.6,0.0
AWS_LKO_05,Malihabad Mango Belt,2025-07-16T18:00:00,26.92,80.71,1,6,119.25736236572266,29.85,76.6,3.8,0.0
AWS_LKO_05,Malihabad Mango Belt,2025-07-16T19:00:00,26.92,80.71,1,6,119.25736236572266,28.9,77.7,4.1,0.0
AWS_LKO_05,Malihabad Mango Belt,2025-07-16T20:00:00,26.92,80.71,1,6,119.25736236572266,27.61,80.7,4.3,1.88
AWS_LKO_05,Malihabad Mango Belt,2025-07-16T21:00:00,26.92,80.71,1,6,119.25736236572266,26.49,82.2,4.6,3.25
AWS_LKO_05,Malihabad Mango Belt,2025-07-16T22:00:00,26.92,80.71,1,6,119.25736236572266,25.6,85.3,4.1,0.0
AWS_LKO_05,Malihabad Mango Belt,2025-07-16T23:00:00,26.92,80.71,1,6,119.25736236572266,24.5,86.2,3.4,0.0
AWS_LKO_05,Malihabad Mango Belt,2025-07-17T00:00:00,26.92,80.71,1,6,119.25736236572266,24.82,86.5,3.9,0.0
AWS_LKO_05,Malihabad Mango Belt,2025-07-17T01:00:00,26.92,80.71,1,6,119.25736236572266,25.17,82.4,2.6,2.66
AWS_LKO_05,Malihabad Mango Belt,2025-07-17T02:00:00,26.92,80.71,1,6,119.25736236572266,25.07,83.6,2.7,0.0
AWS_LKO_05,Malihabad Mango Belt,2025-07-17T03:00:00,26.92,80.71,1,6,119.25736236572266,26.24,85.4,2.2,0.0
AWS_LKO_05,Malihabad Mango Belt,2025-07-17T04:00:00,26.92,80.71,1,6,119.25736236572266,26.36,80.2,1.9,0.0
AWS_LKO_05,Malihabad Mango Belt,2025-07-17T05:00:00,26.92,80.71,1,6,119.25736236572266,29.34,77.7,1.5,0.0
AWS_LKO_05,Malihabad Mango Belt,2025-07-17T06:00:00,26.92,80.71,1,6,119.25736236572266,30.51,76.3,2.3,0.14
AWS_LKO_05,Malihabad Mango Belt,2025-07-17T07:00:00,26.92,80.71,1,6,119.25736236572266,33.2,70.3,2.9,0.0
AWS_LKO_05,Malihabad Mango Belt,2025-07-17T08:00:00,26.92,80.71,1,6,119.25736236572266,32.33,70.6,2.3,0.0
AWS_LKO_05,Malihabad Mango Belt,2025-07-17T09:00:00,26.92,80.71,1,6,119.25736236572266,33.74,68.4,1.8,0.0
AWS_LKO_05,Malihabad Mango Belt,2025-07-17T10:00:00,26.92,80.71,1,6,119.25736236572266,35.54,66.5,2.8,0.0
AWS_LKO_05,Malihabad Mango Belt,2025-07-17T11:00:00,26.92,80.71,1,6,119.25736236572266,35.34,67.5,3.8,0.0
AWS_LKO_05,Malihabad Mango Belt,2025-07-17T12:00:00,26.92,80.71,1,6,119.25736236572266,35.45,65.9,4.0,0.0
AWS_LKO_05,Malihabad Mango Belt,2025-07-17T13:00:00,26.92,80.71,1,6,119.25736236572266,35.57,66.1,3.5,0.0
AWS_LKO_05,Malihabad Mango Belt,2025-07-17T14:00:00,26.92,80.71,1,6,119.25736236572266,35.17,67.7,4.1,0.0
AWS_LKO_05,Malihabad Mango Belt,2025-07-17T15:00:00,26.92,80.71,1,6,119.25736236572266,33.51,70.3,3.8,0.0
AWS_LKO_05,Malihabad Mango Belt,2025-07-17T16:00:00,26.92,80.71,1,6,119.25736236572266,33.09,71.9,3.8,0.0
AWS_LKO_05,Malihabad Mango Belt,2025-07-17T17:00:00,26.92,80.71,1,6,119.25736236572266,31.24,74.8,5.1,0.0
AWS_LKO_05,Malihabad Mango Belt,2025-07-17T18:00:00,26.92,80.71,1,6,119.25736236572266,29.77,74.1,4.3,0.0
AWS_LKO_05,Malihabad Mango Belt,2025-07-17T19:00:00,26.92,80.71,1,6,119.25736236572266,28.46,80.1,4.1,0.0
AWS_LKO_05,Malihabad Mango Belt,2025-07-17T20:00:00,26.92,80.71,1,6,119.25736236572266,27.27,79.2,3.7,0.0
AWS_LKO_05,Malihabad Mango Belt,2025-07-17T21:00:00,26.92,80.71,1,6,119.25736236572266,26.44,83.1,2.6,0.0
AWS_LKO_05,Malihabad Mango Belt,2025-07-17T22:00:00,26.92,80.71,1,6,119.25736236572266,26.27,84.0,4.2,0.0
AWS_LKO_05,Malihabad Mango Belt,2025-07-17T23:00:00,26.92,80.71,1,6,119.25736236572266,25.22,84.1,4.4,0.0
